{"name":null,"assets":"aoy4:pathy34:assets%2Fdata%2Fdata-goes-here.txty4:sizezy4:typey4:TEXTy2:idR1y7:preloadtgoR0y28:assets%2Fdata%2FDungeons.tmxR2i23630R3R4R5R7R6tgoR0y29:assets%2Fimages%2Fdiamond.pngR2i5857R3y5:IMAGER5R8R6tgoR0y26:assets%2Fimages%2Fdoor.pngR2i821R3R9R5R10R6tgoR0y30:assets%2Fimages%2FdoorBlue.pngR2i534R3R9R5R11R6tgoR0y29:assets%2Fimages%2FdoorRed.pngR2i523R3R9R5R12R6tgoR0y32:assets%2Fimages%2FdoorYellow.pngR2i532R3R9R5R13R6tgoR0y29:assets%2Fimages%2Fdungeon.pngR2i23678R3R9R5R14R6tgoR0y26:assets%2Fimages%2Fexit.pngR2i758R3R9R5R15R6tgoR0y26:assets%2Fimages%2Ffire.pngR2i4003R3R9R5R16R6tgoR0y27:assets%2Fimages%2Fflask.pngR2i6900R3R9R5R17R6tgoR0y26:assets%2Fimages%2Fhero.pngR2i30130R3R9R5R18R6tgoR0y36:assets%2Fimages%2Fimages-go-here.txtR2zR3R4R5R19R6tgoR0y25:assets%2Fimages%2Fimp.pngR2i9059R3R9R5R20R6tgoR0y39:assets%2Fimages%2Fllave%20-%20copia.pngR2i6437R3R9R5R21R6tgoR0y27:assets%2Fimages%2Fllave.pngR2i6437R3R9R5R22R6tgoR0y33:assets%2Fimages%2FllaveYellow.pngR2i6144R3R9R5R23R6tgoR0y27:assets%2Fimages%2Fpeaks.pngR2i338R3R9R5R24R6tgoR0y36:assets%2Fmusic%2Fmusic-goes-here.txtR2zR3R4R5R25R6tgoR0y36:assets%2Fsounds%2Fsounds-go-here.txtR2zR3R4R5R26R6tgoR2i2114R3y5:MUSICR5y26:flixel%2Fsounds%2Fbeep.mp3y9:pathGroupaR28y26:flixel%2Fsounds%2Fbeep.ogghR6tgoR2i39706R3R27R5y28:flixel%2Fsounds%2Fflixel.mp3R29aR31y28:flixel%2Fsounds%2Fflixel.ogghR6tgoR2i5794R3y5:SOUNDR5R30R29aR28R30hgoR2i33629R3R33R5R32R29aR31R32hgoR2i15744R3y4:FONTy9:classNamey35:__ASSET__flixel_fonts_nokiafc22_ttfR5y30:flixel%2Ffonts%2Fnokiafc22.ttfR6tgoR2i29724R3R34R35y36:__ASSET__flixel_fonts_monsterrat_ttfR5y31:flixel%2Ffonts%2Fmonsterrat.ttfR6tgoR0y33:flixel%2Fimages%2Fui%2Fbutton.pngR2i519R3R9R5R40R6tgoR0y36:flixel%2Fimages%2Flogo%2Fdefault.pngR2i3280R3R9R5R41R6tgh","rootPath":null,"version":2,"libraryArgs":[],"libraryType":null}